disease_type,patient_count,severity,latitude,longitude,location_name,city,state,country,description,symptoms,treatment_status,date_reported
Dengue,45,moderate,26.9124,75.7873,SMS Hospital,Jaipur,Rajasthan,India,Seasonal outbreak during monsoon period. Cases started appearing 10 days ago.,Fever; Headache; Joint pain; Rash,Under treatment,2025-01-15
Malaria,23,moderate,28.7041,77.1025,AIIMS Delhi,Delhi,Delhi,India,Monsoon-related cases in residential areas,High fever; Chills; Sweating,Active treatment,2025-01-16
COVID-19,67,severe,19.0760,72.8777,KEM Hospital,Mumbai,Maharashtra,India,New variant cluster identified in South Mumbai,Fever; Cough; Breathing difficulty,Hospitalized,2025-01-18
Typhoid,15,mild,12.9716,77.5946,Victoria Hospital,Bangalore,Karnataka,India,Contaminated water source suspected,Fever; Stomach pain; Weakness,Home care,2025-01-20
Influenza,89,moderate,22.5726,88.3639,Medical College,Kolkata,West Bengal,India,Seasonal flu outbreak in winter season,Fever; Body ache; Cough,Under treatment,2025-01-22
Chikungunya,34,moderate,13.0827,80.2707,Apollo Hospital,Chennai,Tamil Nadu,India,Vector-borne disease spread,Joint pain; Fever; Rash,Active treatment,2025-01-23
Hepatitis A,12,mild,17.3850,78.4867,Gandhi Hospital,Hyderabad,Telangana,India,Food contamination suspected,Jaundice; Fever; Fatigue,Under observation,2025-01-25
Cholera,8,severe,18.5204,73.8567,Sassoon Hospital,Pune,Maharashtra,India,Waterborne outbreak in slum area,Diarrhea; Vomiting; Dehydration,Critical care,2025-01-26
Measles,28,moderate,23.0225,72.5714,Civil Hospital,Ahmedabad,Gujarat,India,Unvaccinated children affected,Rash; Fever; Cough,Under treatment,2025-01-27
Tuberculosis,19,severe,21.1702,72.8311,SMIMER Hospital,Surat,Gujarat,India,Multi-drug resistant strain detected,Cough; Weight loss; Night sweats,Long-term treatment,2025-01-28
