alert_type,title,message,affected_area,latitude,longitude,radius_km,priority,category,contact_info,action_required,expiry_hours
warning,Dengue Alert - Mumbai Region,Increased dengue cases reported across Mumbai. Over 50 confirmed cases in past week. Take preventive measures.,Mumbai; Maharashtra,19.0760,72.8777,50,2,outbreak,Helpline: 1800-222-3333,Avoid water stagnation. Use mosquito repellent. Cover water containers. Seek medical attention if fever develops.,168
critical,COVID-19 Cluster - Bangalore East,New COVID-19 cluster identified in East Bangalore. Enhanced testing and isolation recommended.,Bangalore; Karnataka,12.9716,77.5946,20,1,outbreak,Emergency: 108,Get tested if symptoms present. Wear masks in public places. Maintain social distancing. Follow quarantine protocols.,72
info,Vaccination Drive - Delhi,Free vaccination drive for children under 5 years. Multiple vaccination centers open this week.,Delhi,28.7041,77.1025,30,3,other,Health Dept: 1800-111-5555,Visit nearest health center. Bring child's health card. Vaccinations available 9 AM - 5 PM daily.,336
warning,Malaria Alert - Kolkata,Rising malaria cases due to monsoon. Prevention measures advised for all residents.,Kolkata; West Bengal,22.5726,88.3639,40,2,outbreak,Helpline: 1800-313-4545,Use mosquito nets. Eliminate standing water. Apply repellent. Consult doctor if fever persists.,168
critical,Water Contamination - Pune,Water supply contamination detected in specific areas. Do not consume tap water until further notice.,Pune; Maharashtra,18.5204,73.8567,15,1,infrastructure,Emergency: 100,Boil water before drinking. Use bottled water. Avoid raw vegetables. Report waterborne illness immediately.,48
info,Health Camp - Jaipur,Free health screening camp organized. Blood tests; BP checks; and consultations available.,Jaipur; Rajasthan,26.9124,75.7873,10,3,other,Contact: +91-141-XXXX-XXXX,No registration required. Bring ID proof. Camp timings: 8 AM - 2 PM. Location: City Hospital grounds.,72
warning,Influenza Outbreak - Chennai,Seasonal influenza cases increasing. Elderly and children at higher risk. Precautions recommended.,Chennai; Tamil Nadu,13.0827,80.2707,35,2,outbreak,Helpline: 1800-425-5555,Wash hands frequently. Avoid crowded places. Get vaccinated if eligible. Stay home if sick.,168
critical,Hospital Emergency - Hyderabad,Major hospital facing power outage. Patients being transferred. Alternative facilities available.,Hyderabad; Telangana,17.3850,78.4867,25,1,infrastructure,Emergency: 108,Contact emergency services. Use alternative hospitals. Check hospital status before visit.,24
